Date,直接總訪客,渠道總訪客,行銷總訪客,總訪客,直接新訪客,渠道新訪客,行銷新訪客,新訪客,直客註冊,渠道註冊,行銷註冊,總註冊,直客註冊率,渠道註冊率,行銷註冊率,總註冊率,信用卡驗證成功,證件驗證成功,總驗證成功,驗證率,直客體驗卷,體驗卷,總體驗卷,體驗卷使用率,直客訂閱,渠道七日訂閱,渠道月季年訂閱,行銷訂閱,總訂閱,直客訂閱率,渠道訂閱率,行銷訂閱率,總訂閱率,首次訂閱到期人數,首次訂閱續費人數,7日免費首訂續費人數,首次序費率,直客續費,渠道七日續費,渠道月季年續費,行銷續費,總續費,信用卡續費失敗,七日退訂,七日續費退訂,月退訂,季退訂,年退訂,總退訂,渠道月季年訂閱費用,渠道七日續費費用,累積訪客,累積註冊,累積訂閱用戶,累積付費用戶,站上訂閱人數,站上付費訂閱人數,真實站上付費訂閱人數,累積營收
2023-03-05,3421,2167,803,6391,3016,1818,656,5490,148,161,42,351,4.33 %,7.43 %,5.23 %,5.49 %,67,22,89,25.36 %,0,0,0,0.00 %,42,5,1,11,59,28.38 %,3.73 %,26.19 %,16.81 %,69,24,22,34.78 %,71,25,6,18,120,4,25,12,2,0,0,27,749,1794,2023520,146280,11015,6637,4136,3751,3167,4800248
2023-03-04,3466,1836,982,6284,3055,1560,785,5400,138,126,36,300,3.98 %,6.86 %,3.67 %,4.77 %,67,17,84,28.00 %,0,0,0,0.00 %,39,5,1,10,55,28.26 %,4.76 %,27.78 %,18.33 %,78,32,30,41.03 %,67,11,2,30,110,0,29,19,2,0,0,31,749,598,2017129,145935,10962,6609,4275,3874,3181,4756476
2023-03-03,3955,2618,1014,7587,3548,2292,821,6661,135,151,34,320,3.41 %,5.77 %,3.35 %,4.22 %,55,13,68,21.25 %,0,0,0,0.00 %,30,5,4,11,50,22.22 %,5.96 %,32.35 %,15.62 %,92,25,19,27.17 %,36,6,4,14,60,2,65,35,7,0,1,73,1646,1646,2011059,145642,10915,6565,4365,3909,3174,4714350
2023-03-02,4213,3431,1081,8725,3769,3078,851,7698,184,227,44,455,4.37 %,6.62 %,4.07 %,5.21 %,73,16,89,19.56 %,0,0,0,0.00 %,35,15,2,10,62,19.02 %,7.49 %,22.73 %,13.63 %,66,28,21,42.42 %,28,11,2,12,53,2,41,17,5,1,0,47,598,598,2003783,145328,10869,6535,4373,3900,3159,4689672
2023-03-01,4379,3305,1751,9435,3896,2953,1469,8318,165,208,52,425,3.77 %,6.29 %,2.97 %,4.50 %,61,16,77,18.12 %,0,0,0,0.00 %,27,5,0,15,47,16.36 %,2.40 %,28.85 %,11.06 %,57,29,21,50.88 %,39,15,8,10,72,2,28,16,1,1,0,30,0,3292,1995504,144883,10813,6508,4362,3898,3149,4667434
2023-02-28,4836,7005,2851,14692,4351,6285,2575,13211,195,195,68,458,4.03 %,2.78 %,2.39 %,3.12 %,102,21,123,26.86 %,5,7,12,9.76 %,58,9,2,10,79,29.74 %,5.64 %,14.71 %,17.25 %,45,25,23,55.56 %,31,13,1,15,60,2,39,19,2,1,0,42,1498,749,1986655,144466,10770,6480,4353,3884,3134,4640814
2023-02-27,4794,7897,800,13491,4357,7233,658,12248,187,181,27,395,3.90 %,2.29 %,3.38 %,2.93 %,107,16,123,31.14 %,6,4,10,8.13 %,57,10,4,12,83,30.48 %,7.73 %,44.44 %,21.01 %,50,23,23,46.00 %,29,21,1,16,67,6,35,16,5,0,0,40,4446,299,1972604,144015,10696,6447,4334,3882,3113,4609488
2023-02-26,4990,8451,845,14286,4551,7768,695,13014,227,228,33,488,4.55 %,2.70 %,3.91 %,3.42 %,107,23,130,26.64 %,6,6,12,9.23 %,52,13,5,14,84,22.91 %,7.89 %,42.42 %,17.21 %,56,35,30,62.50 %,45,18,2,17,82,0,28,13,2,0,0,30,1945,1498,1959799,143626,10621,6410,4296,3861,3094,4576972
2023-02-25,5015,8799,1139,14953,4513,8152,1001,13666,244,226,47,517,4.87 %,2.57 %,4.13 %,3.46 %,108,23,131,25.34 %,5,5,10,7.63 %,61,15,0,13,89,25.00 %,6.64 %,27.66 %,17.21 %,36,17,17,47.22 %,40,15,2,10,67,3,25,8,0,1,0,26,0,1048,1946310,143149,10544,6366,4250,3830,3066,4530671
2023-02-24,5386,9511,1157,16054,4890,8708,1005,14603,276,210,40,526,5.12 %,2.21 %,3.46 %,3.28 %,132,18,150,28.52 %,4,0,4,2.67 %,85,15,2,6,108,30.80 %,8.10 %,15.00 %,20.53 %,34,19,18,55.88 %,37,17,2,18,74,2,26,10,2,1,0,29,2948,1048,1932388,142646,10459,6338,4194,3816,3044,4498602
2023-02-23,4632,6873,645,12150,4174,6086,523,10783,213,219,28,460,4.60 %,3.19 %,4.34 %,3.79 %,93,12,105,22.83 %,1,1,2,1.90 %,55,10,1,4,70,25.82 %,5.02 %,14.29 %,15.22 %,38,21,19,55.26 %,127,85,10,28,250,68,38,13,1,1,0,40,749,4340,1917465,142136,10357,6301,4158,3827,3047,4450700
2023-02-22,3956,7153,789,11898,3501,6407,631,10539,170,199,45,414,4.30 %,2.78 %,5.70 %,3.48 %,73,14,87,21.01 %,3,2,5,5.75 %,29,14,3,12,58,17.06 %,8.54 %,26.67 %,14.01 %,36,14,14,38.89 %,17,9,1,8,35,33,23,12,3,0,0,26,1347,749,1906466,141686,10290,6270,4129,3813,3027,4358713
2023-02-21,4224,6033,954,11211,3731,5338,779,9848,146,176,44,366,3.46 %,2.92 %,4.61 %,3.26 %,71,9,80,21.86 %,3,1,4,5.00 %,23,8,3,16,50,15.75 %,6.25 %,36.36 %,13.66 %,50,19,16,38.00 %,23,6,1,9,39,1,30,16,3,1,0,34,1797,749,1895756,141282,10238,6246,4114,3798,3008,4339012
2023-02-20,4096,6776,2081,12953,3633,6048,1863,11544,167,204,68,439,4.08 %,3.01 %,3.27 %,3.39 %,79,13,92,20.96 %,4,3,7,7.61 %,28,14,3,15,60,16.77 %,8.33 %,22.06 %,13.67 %,48,24,19,50.00 %,18,18,3,10,49,2,34,23,0,3,1,38,3697,2247,1885773,140931,10191,6225,4109,3796,3001,4321507
2023-02-19,4654,6530,2571,13755,4183,5915,2291,12389,180,216,73,469,3.87 %,3.31 %,2.84 %,3.41 %,68,11,79,16.84 %,7,4,11,13.92 %,37,8,4,18,67,20.56 %,5.56 %,24.66 %,14.29 %,48,24,23,50.00 %,21,8,3,16,48,11,31,16,1,0,0,32,2096,897,1874188,140506,10135,6197,4092,3787,2987,4296868
2023-02-18,4124,6109,1035,11268,3728,5472,847,10047,162,159,39,360,3.93 %,2.60 %,3.77 %,3.19 %,54,5,59,16.39 %,2,3,5,8.47 %,25,3,4,15,47,15.43 %,4.40 %,38.46 %,13.06 %,62,27,26,43.55 %,35,9,1,13,58,32,34,16,0,0,0,34,2096,749,1861805,140046,10077,6165,4099,3788,2963,4275630
2023-02-17,4085,5852,1578,11515,3667,5256,1393,10316,175,194,51,420,4.28 %,3.32 %,3.23 %,3.65 %,54,11,65,15.48 %,6,3,9,13.85 %,28,7,3,11,49,16.00 %,5.15 %,21.57 %,11.67 %,56,34,32,60.71 %,30,20,0,12,62,22,27,13,1,0,0,28,1797,0,1851843,139688,10034,6131,4091,3767,2940,4250399
2023-02-16,4167,4842,1542,10551,3735,4325,1399,9459,156,164,39,359,3.74 %,3.39 %,2.53 %,3.40 %,52,16,68,18.94 %,4,5,9,13.24 %,27,5,4,12,48,17.31 %,5.49 %,30.77 %,13.37 %,67,41,40,61.19 %,34,15,0,10,59,27,35,27,3,0,0,38,3996,0,1841749,139273,9993,6087,4085,3737,2909,4221127
2023-02-15,4205,4442,550,9197,3748,3900,452,8100,154,132,47,333,3.66 %,2.97 %,8.55 %,3.62 %,56,8,64,19.22 %,4,9,13,20.31 %,22,9,3,9,43,14.29 %,9.09 %,19.15 %,12.91 %,53,25,20,47.17 %,38,22,1,6,67,14,18,7,2,1,0,21,3247,299,1832519,138926,9952,6042,4095,3719,2883,4195147
2023-02-14,4221,4542,454,9217,3783,4034,352,8169,184,153,47,384,4.36 %,3.37 %,10.35 %,4.17 %,71,3,74,19.27 %,2,5,7,9.46 %,37,14,4,6,61,20.11 %,11.76 %,12.77 %,15.89 %,57,30,27,52.63 %,39,27,3,12,81,5,34,11,3,4,0,41,3996,1347,1824549,138601,9912,6015,4098,3712,2873,4166322
2023-02-13,4505,4931,487,9923,4070,4360,351,8781,198,153,37,388,4.40 %,3.10 %,7.60 %,3.91 %,69,6,75,19.33 %,3,6,9,12.00 %,31,10,4,12,57,15.66 %,9.15 %,32.43 %,14.69 %,59,21,20,35.59 %,37,24,7,10,78,7,36,17,1,2,0,39,3546,2993,1816490,138226,9855,5977,4097,3693,2850,4129167
2023-02-12,4862,4849,517,10228,4409,4306,395,9110,178,185,43,406,3.66 %,3.82 %,8.32 %,3.97 %,74,4,78,19.21 %,6,2,8,10.26 %,26,8,8,18,60,14.61 %,8.65 %,41.86 %,14.78 %,87,44,42,50.57 %,47,21,4,17,89,6,33,16,3,1,0,37,7542,1646,1807817,137844,9808,5952,4096,3672,2826,4091909
2023-02-11,4928,4874,563,10365,4485,4317,452,9254,209,163,52,424,4.24 %,3.34 %,9.24 %,4.09 %,84,5,89,20.99 %,6,4,10,11.24 %,44,8,0,25,77,21.05 %,4.91 %,48.08 %,18.16 %,65,34,34,52.31 %,41,17,3,12,73,3,34,14,3,1,0,38,0,897,1798824,137440,9756,5901,4074,3623,2789,4050163
2023-02-10,7094,4383,570,12047,6623,3774,460,10857,224,157,49,430,3.16 %,3.58 %,8.60 %,3.57 %,88,6,94,21.86 %,10,7,17,18.09 %,45,11,5,10,71,20.09 %,10.19 %,20.41 %,16.51 %,72,42,39,58.33 %,53,23,6,17,99,2,28,10,3,2,0,33,1945,2244,1789701,137017,9686,5856,4041,3589,2758,4017351
2023-02-09,5356,7569,609,13534,4875,6745,483,12103,211,155,59,425,3.94 %,2.05 %,9.69 %,3.14 %,98,9,107,25.18 %,5,2,7,6.54 %,54,10,7,15,86,25.59 %,10.97 %,25.42 %,20.24 %,68,22,17,32.35 %,48,14,5,20,87,39,28,19,5,1,0,34,5343,1495,1778925,136597,9625,5807,4613,4132,3318,3971567
2023-02-08,5210,6080,534,11824,4747,5365,406,10518,182,161,62,405,3.49 %,2.65 %,11.61 %,3.43 %,67,7,74,18.27 %,4,2,6,8.11 %,32,13,3,12,60,17.58 %,9.94 %,19.35 %,14.81 %,95,36,31,37.89 %,29,12,3,17,61,26,37,17,0,0,0,37,1347,1797,1766857,136173,9550,5776,4604,4116,3304,3928773
2023-02-07,4980,7757,655,13392,4494,7086,498,12078,205,166,47,418,4.12 %,2.14 %,7.18 %,3.12 %,69,9,78,18.66 %,6,4,10,12.82 %,38,6,1,17,62,18.54 %,4.22 %,36.17 %,14.83 %,111,56,50,50.45 %,48,15,4,32,99,10,51,29,3,0,0,54,299,1196,1756551,135771,9497,5735,4618,4093,3286,3900546
2023-02-06,5143,2825,826,8794,4646,2488,640,7774,240,198,57,495,4.67 %,7.01 %,6.90 %,5.63 %,82,6,88,17.78 %,5,2,7,7.95 %,36,13,4,21,74,15.00 %,8.59 %,36.84 %,14.95 %,136,86,84,63.24 %,79,23,3,24,129,2,67,41,5,2,0,74,1646,897,1744939,135353,9438,5677,4617,4048,3248,3863953
2023-02-05,5321,2878,1713,9912,4851,2517,1410,8778,242,194,96,532,4.55 %,6.74 %,5.60 %,5.37 %,124,9,133,25.00 %,11,11,22,16.54 %,55,15,1,28,99,22.73 %,8.25 %,29.17 %,18.61 %,152,96,93,63.16 %,67,19,7,47,140,1,87,50,5,4,0,96,299,2993,1737288,134859,9366,5577,4613,3963,3178,3810848
2023-02-04,4767,2741,1684,9192,4304,2406,1366,8076,209,171,77,457,4.38 %,6.24 %,4.57 %,4.97 %,87,4,91,19.91 %,5,12,17,18.68 %,42,15,1,16,74,20.10 %,9.36 %,20.78 %,16.19 %,199,135,130,67.84 %,106,24,5,43,178,6,54,28,1,1,0,56,749,1495,1728672,134331,9273,5475,4594,3874,3133,3760199
2023-02-03,4941,2647,813,8401,4470,2308,612,7390,213,156,71,440,4.31 %,5.89 %,8.73 %,5.24 %,95,8,103,23.41 %,10,12,22,21.36 %,45,9,1,20,75,21.13 %,6.41 %,28.17 %,17.05 %,229,133,128,58.08 %,119,42,8,50,219,7,77,49,2,1,0,80,749,2842,1720728,133876,9202,5338,4643,3764,3055,3697034
2023-02-02,4886,2438,776,8100,4414,2060,599,7073,242,155,79,476,4.95 %,6.36 %,10.18 %,5.88 %,93,1,94,19.75 %,13,10,23,24.47 %,40,9,3,21,73,16.53 %,7.74 %,26.58 %,15.34 %,519,333,329,64.16 %,210,13,4,115,342,2,74,50,3,2,0,79,1797,2096,1713410,133438,9129,5204,4761,3637,2970,3622510
2023-02-01,4296,2298,939,7533,3875,1908,751,6534,260,138,106,504,6.05 %,6.01 %,11.29 %,6.69 %,122,9,131,25.99 %,21,8,29,22.14 %,54,12,0,29,95,20.77 %,8.70 %,27.36 %,18.85 %,217,133,130,61.29 %,73,14,7,54,148,5,102,44,1,2,0,105,0,2543,1706391,132965,9060,4867,4780,3309,2756,3507763
2023-01-31,4842,5766,1127,11735,4371,5033,933,10337,227,213,123,563,4.69 %,3.69 %,10.91 %,4.80 %,147,4,151,26.82 %,21,8,29,19.21 %,60,17,5,37,119,26.43 %,10.33 %,30.08 %,21.14 %,60,32,29,53.33 %,29,11,4,16,60,3,63,10,2,2,0,67,2395,1646,1699890,132467,8967,4729,4726,3182,2672,3457570
2023-01-30,5229,9834,1426,16489,4719,8716,1191,14626,352,286,151,789,6.73 %,2.91 %,10.59 %,4.79 %,209,13,222,28.14 %,25,21,46,20.72 %,108,12,8,42,170,30.68 %,6.99 %,27.81 %,21.55 %,54,39,33,72.22 %,39,22,6,14,81,3,69,20,5,0,0,74,4742,2244,1689447,131910,8853,4686,4637,3151,2650,3432146
2023-01-29,6317,13203,1966,21486,5731,11821,1685,19237,403,238,222,863,6.38 %,1.80 %,11.29 %,4.02 %,247,11,258,29.90 %,32,32,64,24.81 %,112,12,8,68,200,27.79 %,8.40 %,30.63 %,23.17 %,62,30,29,48.39 %,29,19,1,13,62,4,69,15,4,1,0,74,3292,299,1674625,131131,8691,4616,4518,3097,2603,3389017
2023-01-28,16724,13335,2417,32476,16214,11959,2152,30325,488,196,255,939,2.92 %,1.47 %,10.55 %,2.89 %,305,17,322,34.29 %,52,31,83,25.78 %,137,16,5,74,232,28.07 %,10.71 %,29.02 %,24.71 %,88,54,50,61.36 %,45,24,2,19,90,1,69,11,2,0,0,71,1495,598,1655025,130278,8501,4548,4367,3035,2556,3347872
2023-01-27,5993,14437,2724,23154,5468,13011,2371,20850,614,296,286,1196,10.25 %,2.05 %,10.50 %,5.17 %,334,31,365,30.52 %,48,25,73,20.00 %,158,24,6,85,273,25.73 %,10.14 %,29.72 %,22.83 %,70,43,41,61.43 %,52,16,1,16,85,4,89,11,7,0,1,97,2244,749,1624689,129350,8279,4462,4179,2964,2503,3305402
2023-01-26,10408,13977,6037,30422,9866,12635,5644,28145,1377,255,723,2355,13.23 %,1.82 %,11.98 %,7.74 %,769,68,837,35.54 %,115,54,169,20.19 %,383,16,6,215,620,27.81 %,8.63 %,29.74 %,26.33 %,41,27,23,65.85 %,38,27,3,11,79,4,111,8,4,1,0,116,2694,897,1603783,128166,8016,4377,3946,2899,2443,3257184
2023-01-25,6038,13809,3937,23784,5701,12424,3753,21878,643,223,395,1261,10.65 %,1.61 %,10.03 %,5.30 %,349,19,368,29.18 %,46,24,70,19.02 %,136,14,10,110,270,21.15 %,10.76 %,27.85 %,21.41 %,30,20,19,66.67 %,48,23,1,19,91,6,125,14,4,0,0,129,3440,299,1576257,125843,7429,4276,3390,2822,2374,3193146
2023-01-24,2402,14355,1080,17837,2100,13080,924,16104,130,186,94,410,5.41 %,1.30 %,8.70 %,2.30 %,89,0,89,21.71 %,3,5,8,8.99 %,43,4,6,26,79,33.08 %,5.38 %,27.66 %,19.27 %,24,16,15,66.67 %,85,50,8,20,163,7,33,11,3,0,1,37,4594,2392,1555119,124599,7171,4212,3169,2788,2355,3146384
2023-01-23,2541,13901,1059,17501,2238,12588,916,15742,186,264,74,524,7.32 %,1.90 %,6.99 %,2.99 %,76,2,78,14.89 %,5,3,8,10.26 %,28,16,8,18,70,15.05 %,9.09 %,24.32 %,13.36 %,37,30,27,81.08 %,41,34,3,8,86,2,31,10,1,1,0,33,3742,897,1539257,124190,7099,4182,3117,2770,2338,3087067
2023-01-22,2455,15179,1285,18919,2097,13847,1106,17050,262,419,88,769,10.67 %,2.76 %,6.85 %,4.06 %,86,1,87,11.31 %,4,5,9,10.34 %,32,24,2,22,80,12.21 %,6.21 %,25.00 %,10.40 %,41,27,26,65.85 %,27,7,0,12,46,1,35,13,3,1,0,39,1048,0,1523808,123672,7035,4134,3072,2730,2300,3051326
2023-01-21,2436,12766,2726,17928,2141,11574,2532,16247,131,251,103,485,5.38 %,1.97 %,3.78 %,2.71 %,108,6,114,23.51 %,2,1,3,2.63 %,45,18,6,36,105,34.35 %,9.56 %,34.95 %,21.65 %,70,46,45,65.71 %,24,25,1,11,61,1,34,11,2,0,0,36,3144,299,1507240,122910,6958,4091,3025,2692,2271,3029339
2023-01-20,2383,13155,2683,18221,2069,11905,2582,16556,140,205,88,433,5.87 %,1.56 %,3.28 %,2.38 %,93,4,97,22.40 %,2,5,7,7.22 %,45,10,4,23,82,32.14 %,6.83 %,26.14 %,18.94 %,71,50,46,70.42 %,31,22,4,17,74,1,34,10,0,1,0,35,4446,1196,1491710,122429,6857,4027,2949,2633,2217,3000771
2023-01-19,2285,12038,758,15081,1985,10760,636,13381,105,160,52,317,4.60 %,1.33 %,6.86 %,2.10 %,60,1,61,19.24 %,3,2,5,8.20 %,26,9,4,13,52,24.76 %,8.12 %,25.00 %,16.40 %,97,65,61,67.01 %,61,33,3,23,120,1,22,9,0,1,0,23,1196,897,1476019,122002,6776,3965,2913,2585,2177,2964111
2023-01-18,2110,13055,464,15629,1847,11813,370,14030,105,161,35,301,4.98 %,1.23 %,7.54 %,1.93 %,56,5,61,20.27 %,4,3,7,11.48 %,28,8,6,3,45,26.67 %,8.70 %,8.57 %,14.95 %,66,44,44,66.67 %,44,34,1,12,91,3,29,18,1,0,0,30,5044,299,1462957,121689,6730,3891,2892,2517,2140,2917796
2023-01-17,2080,13227,642,15949,1788,12078,538,14404,101,159,59,319,4.86 %,1.20 %,9.19 %,2.00 %,41,9,50,15.67 %,2,2,4,8.00 %,21,5,4,6,36,20.79 %,5.66 %,10.17 %,11.29 %,56,31,28,55.36 %,40,23,2,10,75,12,31,12,4,0,0,35,1196,1048,1449329,121392,6689,3830,2888,2470,2096,2876204
2023-01-16,2086,14085,737,16908,1790,12913,617,15320,104,154,60,318,4.99 %,1.09 %,8.14 %,1.88 %,58,4,62,19.50 %,1,7,8,12.90 %,26,9,4,14,53,25.00 %,8.44 %,23.33 %,16.67 %,67,41,39,61.19 %,44,33,2,11,90,14,16,9,2,0,0,18,1646,598,1435257,121079,6656,3792,2893,2443,2076,2848391
2023-01-15,2291,14848,1071,18210,1985,13571,938,16494,132,176,93,401,5.76 %,1.19 %,8.68 %,2.20 %,64,5,69,17.21 %,8,3,11,15.94 %,32,5,3,16,56,24.24 %,4.55 %,17.20 %,13.97 %,72,35,33,48.61 %,35,30,3,8,76,11,35,16,4,0,0,39,1347,1347,1420325,120764,6607,3738,2888,2398,2046,2813997
2023-01-14,2766,15231,1361,19358,2451,14060,1219,17730,170,220,104,494,6.15 %,1.44 %,7.64 %,2.55 %,104,3,107,21.66 %,6,6,12,11.21 %,40,25,4,25,94,23.53 %,13.18 %,24.04 %,19.03 %,64,40,34,62.50 %,41,27,5,12,85,11,27,7,3,0,0,30,3996,1495,1404374,120370,6553,3691,2865,2359,2019,2785139
2023-01-13,16651,14909,1381,32941,16350,13736,1243,31329,186,346,119,651,1.12 %,2.32 %,8.62 %,1.98 %,88,6,94,14.44 %,8,3,11,11.70 %,34,20,2,21,77,18.28 %,6.36 %,17.65 %,11.83 %,41,17,17,41.46 %,23,21,4,10,58,14,29,6,2,0,0,31,598,1196,1387381,119880,6464,3637,2807,2314,1987,2746746
2023-01-12,9103,15570,1744,26417,8732,14407,1604,24743,6219,316,148,6683,68.32 %,2.03 %,8.49 %,25.30 %,138,8,146,2.18 %,13,8,21,14.38 %,59,12,6,37,114,0.95 %,5.70 %,25.00 %,1.71 %,37,18,13,48.65 %,28,16,5,3,52,11,29,6,1,1,0,31,2244,1495,1356943,119237,6388,3610,2759,2296,1970,2725215
2023-01-11,8419,13251,1017,22687,8029,12205,898,21132,5290,344,63,5697,62.83 %,2.60 %,6.19 %,25.11 %,107,12,119,2.09 %,14,6,20,16.81 %,53,17,6,16,92,1.00 %,6.69 %,25.40 %,1.61 %,43,25,21,58.14 %,32,21,4,17,74,7,35,13,1,0,0,36,5044,1196,1333193,112559,6277,3577,2672,2270,1947,2698039
2023-01-10,14944,12224,421,27589,14592,11285,345,26222,11789,438,53,12280,78.89 %,3.58 %,12.59 %,44.51 %,80,4,84,0.68 %,14,3,17,20.24 %,34,15,4,13,66,0.29 %,4.34 %,24.53 %,0.54 %,25,15,9,60.00 %,23,15,6,7,51,8,34,11,2,1,0,37,2096,2244,1312850,108547,6189,3534,2605,2238,1921,2659585
2023-01-09,3539,11556,536,15631,3172,10649,453,14274,281,459,71,811,7.94 %,3.97 %,13.25 %,5.19 %,96,10,106,13.07 %,7,4,11,10.38 %,54,16,2,12,84,19.22 %,3.92 %,16.90 %,10.36 %,21,9,7,42.86 %,21,14,3,7,45,11,23,6,5,0,0,28,1048,897,1287168,106770,6126,3515,2564,2230,1910,2635698
2023-01-08,4209,12904,534,17647,3879,12036,460,16375,373,523,51,947,8.86 %,4.05 %,9.55 %,5.37 %,102,15,117,12.35 %,15,3,18,15.38 %,60,18,5,10,93,16.09 %,4.40 %,19.61 %,9.82 %,29,19,15,65.52 %,24,18,3,15,60,7,26,9,1,1,0,28,2395,897,1273532,105964,6044,3489,2504,2218,1894,2605613
2023-01-07,3686,11926,634,16246,3384,11071,567,15022,253,478,56,787,6.86 %,4.01 %,8.83 %,4.84 %,83,6,89,11.31 %,12,4,16,17.98 %,35,15,2,15,67,13.83 %,3.56 %,26.79 %,8.51 %,30,18,13,60.00 %,30,21,3,1,55,10,34,15,3,3,0,40,598,897,1257980,105024,5953,3453,2435,2190,1874,2575396
2023-01-06,2541,11258,790,14589,2236,10417,720,13373,134,444,78,656,5.27 %,3.94 %,9.87 %,4.50 %,47,7,54,8.23 %,1,2,3,5.56 %,16,11,2,16,45,11.94 %,2.93 %,20.51 %,6.86 %,37,22,17,59.46 %,27,20,5,8,60,9,17,8,2,1,0,20,598,1495,1243717,104243,5888,3431,2391,2174,1867,2553261
2023-01-05,2770,10931,684,14385,2484,10116,616,13216,153,453,67,673,5.52 %,4.14 %,9.80 %,4.68 %,42,7,49,7.28 %,4,2,6,12.24 %,20,7,3,12,42,13.07 %,2.21 %,17.91 %,6.24 %,33,17,14,51.52 %,39,12,3,3,57,11,17,5,0,0,0,17,1347,897,1231032,103589,5843,3410,2381,2171,1862,2532775
2023-01-04,2611,9385,1240,13236,2367,8539,1152,12058,135,376,96,607,5.17 %,4.01 %,7.74 %,4.59 %,56,8,64,10.54 %,4,2,6,9.38 %,16,2,7,27,52,11.85 %,2.39 %,28.12 %,8.57 %,47,25,21,53.19 %,63,39,5,14,121,21,23,9,2,1,0,26,3443,1495,1218494,102919,5804,3389,2399,2186,1861,2510791
2023-01-03,2254,8609,514,11377,1956,7869,456,10281,95,345,40,480,4.21 %,4.01 %,7.78 %,4.22 %,27,4,31,6.46 %,0,1,1,3.23 %,11,6,2,9,28,11.58 %,2.32 %,22.50 %,5.83 %,16,10,9,62.50 %,5,5,1,0,11,3,18,8,3,1,0,22,2948,299,1207158,102313,5754,3354,2353,2150,1838,2466977
2023-01-02,2250,9543,237,12030,1953,8803,194,10950,113,396,32,541,5.02 %,4.15 %,13.50 %,4.50 %,31,2,33,6.10 %,0,0,0,0.00 %,19,6,5,3,33,16.81 %,2.78 %,9.38 %,6.10 %,31,20,13,64.52 %,8,3,5,6,22,4,11,3,1,0,0,12,3295,1495,1197437,101835,5728,3339,2337,2133,1827,2457895
2023-01-01,2120,10306,205,12631,1874,9476,167,11517,108,392,15,515,5.09 %,3.80 %,7.32 %,4.08 %,32,3,35,6.80 %,0,0,0,0.00 %,13,12,2,1,28,12.04 %,3.57 %,6.67 %,5.44 %,28,16,13,57.14 %,18,12,2,4,36,5,10,6,4,0,0,14,1048,598,1187149,101297,5697,3314,2322,2111,1809,2443531
2022-12-31,5995,5843,229,12067,5552,5304,195,11051,95,282,22,399,1.58 %,4.83 %,9.61 %,3.31 %,36,2,38,9.52 %,1,1,2,5.26 %,18,10,3,5,36,18.95 %,4.61 %,22.73 %,9.02 %,27,15,6,55.56 %,29,13,6,5,53,5,9,3,1,1,1,12,1797,1794,1176371,100783,5668,3297,2312,2102,1804,2428771
2022-12-30,7170,5925,283,13378,6716,5328,231,12275,134,261,27,422,1.87 %,4.41 %,9.54 %,3.15 %,44,6,50,11.85 %,4,0,4,8.00 %,25,9,4,6,44,18.66 %,4.98 %,22.22 %,10.43 %,26,20,11,76.92 %,27,10,3,12,52,7,15,4,0,0,0,15,6346,897,1165866,100386,5634,3280,2293,2096,1802,2405035
2022-12-29,6958,5100,707,12765,6537,4546,638,11721,126,199,31,356,1.81 %,3.90 %,4.38 %,2.79 %,42,3,45,12.64 %,0,1,1,2.22 %,31,4,3,3,41,24.60 %,3.52 %,9.68 %,11.52 %,27,15,10,55.56 %,24,12,1,3,40,4,18,7,5,0,0,23,1797,299,1154117,99965,5591,3260,2273,2086,1789,2372497
2022-12-28,6620,4252,732,11604,6274,3712,684,10670,142,207,38,387,2.15 %,4.87 %,5.19 %,3.34 %,54,4,58,14.99 %,1,0,1,1.72 %,30,6,1,14,51,21.13 %,3.38 %,36.84 %,13.18 %,35,24,18,68.57 %,37,13,4,6,60,3,17,4,2,1,0,20,299,2096,1143006,99611,5550,3240,2252,2078,1781,2355747
2022-12-27,3912,3998,277,8187,3567,3441,234,7242,93,212,26,331,2.38 %,5.30 %,9.39 %,4.04 %,21,0,21,6.34 %,2,1,3,14.29 %,13,8,1,2,24,13.98 %,4.25 %,7.69 %,7.25 %,41,33,24,80.49 %,36,28,3,9,76,3,16,12,2,0,0,18,299,1347,1132948,99225,5500,3213,2222,2062,1765,2331966
2022-12-26,4351,5157,242,9750,4001,4550,207,8758,87,267,29,383,2.00 %,5.18 %,11.98 %,3.93 %,30,8,38,9.92 %,3,1,4,10.53 %,8,12,2,8,30,9.20 %,5.24 %,27.59 %,7.83 %,39,29,22,74.36 %,48,27,2,22,99,4,13,10,3,0,0,16,1498,598,1126084,98894,5476,3182,2226,2051,1754,2302999
2022-12-25,2327,9231,200,11758,2104,8421,162,10687,94,309,19,422,4.04 %,3.35 %,9.50 %,3.59 %,31,2,33,7.82 %,0,0,0,0.00 %,13,10,4,4,31,13.83 %,4.53 %,21.05 %,7.35 %,33,29,23,87.88 %,90,57,9,20,176,3,18,8,1,0,0,19,1646,2691,1117749,98513,5446,3155,2258,2082,1747,2270553
2022-12-24,2619,8780,227,11626,2366,7967,184,10517,77,306,12,395,2.94 %,3.49 %,5.29 %,3.40 %,21,1,22,5.57 %,1,3,4,18.18 %,3,11,3,4,21,3.90 %,4.58 %,33.33 %,5.32 %,38,31,25,81.58 %,35,31,2,4,72,4,11,6,1,0,0,12,1347,598,1107750,98092,5417,3127,2251,2067,1735,2215235
2022-12-23,3219,7190,348,10757,2969,6479,314,9762,103,234,35,372,3.20 %,3.25 %,10.06 %,3.46 %,24,5,29,7.80 %,1,2,3,10.34 %,8,7,0,5,20,7.77 %,2.99 %,14.29 %,5.38 %,34,26,17,76.47 %,15,6,2,4,27,2,14,9,3,1,0,18,0,598,1097920,97697,5397,3101,2242,2042,1717,2191910
2022-12-22,3377,7258,349,10984,3128,6554,312,9994,122,200,20,342,3.61 %,2.76 %,5.73 %,3.11 %,28,2,30,8.77 %,3,1,4,13.33 %,15,7,1,3,26,12.30 %,4.00 %,15.00 %,7.60 %,22,18,15,81.82 %,10,6,2,1,19,0,16,7,1,0,0,17,299,598,1088897,97326,5377,3081,2227,2023,1705,2182040
2022-12-21,3420,7637,273,11330,3131,6919,228,10278,118,220,28,366,3.45 %,2.88 %,10.26 %,3.23 %,34,2,36,9.84 %,4,3,7,19.44 %,17,7,3,4,31,14.41 %,4.55 %,14.29 %,8.47 %,22,17,11,77.27 %,18,7,2,3,30,3,13,5,3,0,0,16,1347,598,1079677,96986,5353,3062,2215,2015,1693,2172363
2022-12-20,3179,8340,386,11905,2925,7671,332,10928,134,233,33,400,4.22 %,2.79 %,8.55 %,3.36 %,48,4,52,13.00 %,0,3,3,5.77 %,23,13,1,5,42,17.16 %,6.01 %,15.15 %,10.50 %,38,29,18,76.32 %,26,30,5,5,66,1,13,5,0,0,0,13,749,1495,1070148,96623,5323,3047,2198,2005,1689,2160847
2022-12-19,1602,5161,585,7348,1342,4836,530,6708,72,136,45,253,4.49 %,2.64 %,7.69 %,3.44 %,40,3,43,17.00 %,6,3,9,20.93 %,13,14,1,4,32,18.06 %,11.03 %,8.89 %,12.65 %,31,24,18,77.42 %,22,25,1,6,54,5,21,6,1,0,0,22,749,299,1060051,96224,5282,3023,2172,1991,1680,2136519
2022-12-18,3165,8374,738,12277,2897,7794,691,11382,121,292,55,468,3.82 %,3.49 %,7.45 %,3.81 %,44,4,48,10.26 %,0,4,4,8.33 %,13,15,4,5,37,10.74 %,6.51 %,9.09 %,7.91 %,39,27,23,69.23 %,29,20,1,6,56,7,13,8,3,0,0,16,2546,299,1053783,95974,5251,3002,2164,1984,1671,2117676
2022-12-17,3593,9055,498,13146,3336,8418,451,12205,130,390,29,549,3.62 %,4.31 %,5.82 %,4.18 %,47,5,52,9.47 %,1,2,3,5.77 %,17,16,2,8,43,13.08 %,4.62 %,27.59 %,7.83 %,32,21,13,65.62 %,28,24,2,6,60,1,14,8,4,1,1,20,598,598,1043128,95511,5219,2972,2146,1962,1655,2095840
2022-12-16,3035,6895,310,10240,2781,6324,252,9357,98,251,24,373,3.23 %,3.64 %,7.74 %,3.64 %,37,6,43,11.53 %,5,3,8,18.60 %,15,11,2,8,36,15.31 %,5.18 %,33.33 %,9.65 %,29,23,18,79.31 %,17,22,2,8,49,4,13,7,1,0,0,14,1048,598,1031825,94964,5179,2952,2119,1952,1643,2073708
2022-12-15,2559,6178,270,9007,2256,5621,238,8115,93,226,23,342,3.63 %,3.66 %,8.52 %,3.80 %,25,3,28,8.19 %,0,0,0,0.00 %,12,8,0,2,22,12.90 %,3.54 %,8.70 %,6.43 %,29,20,13,68.97 %,21,23,6,4,54,6,11,7,0,0,0,11,0,2244,1023194,94597,5146,2926,2104,1937,1631,2049715
2022-12-14,1195,2973,103,4271,1044,2654,81,3779,203,133,13,349,16.99 %,4.47 %,12.62 %,8.17 %,23,4,27,7.74 %,2,1,3,11.11 %,9,5,1,1,16,4.43 %,4.51 %,7.69 %,4.58 %,27,18,15,66.67 %,23,18,5,4,50,5,5,3,0,0,0,5,749,1495,1015653,94256,5124,2910,2102,1935,1623,2031322
2022-12-13,1861,6556,221,8638,1612,5959,179,7750,88,238,24,350,4.73 %,3.63 %,10.86 %,4.05 %,37,5,42,12.00 %,3,3,6,14.29 %,14,11,3,5,33,15.91 %,5.88 %,20.83 %,9.43 %,27,20,15,74.07 %,22,14,4,4,44,6,23,12,1,1,0,25,3247,1646,1012095,93910,5110,2895,2104,1929,1619,2015324
2022-12-12,1903,6698,265,8866,1633,6109,226,7968,268,975,107,1350,14.08 %,14.56 %,40.38 %,15.23 %,35,7,42,3.11 %,1,2,3,7.14 %,51,36,10,25,122,19.03 %,4.72 %,23.36 %,9.04 %,34,85,75,250.00 %,76,77,12,24,189,6,14,8,1,0,0,15,6690,4038,1004961,93561,5080,2876,2091,1917,1610,1997124
2022-12-11,1546,7781,256,9583,1301,7231,211,8743,0,0,0,0,0.00 %,0.00 %,0.00 %,0.00 %,49,1,50,inf %,4,2,6,12.00 %,0,0,0,0,0,nan %,nan %,nan %,nan %,26,0,0,0.00 %,0,0,0,0,0,3,16,7,0,0,0,16,0,0,997695,92218,4963,2776,1899,1776,1497,1921392
2022-12-10,1595,6896,357,8848,1368,6356,320,8044,0,0,0,0,0.00 %,0.00 %,0.00 %,0.00 %,37,5,42,inf %,3,6,9,21.43 %,0,0,0,0,0,nan %,nan %,nan %,nan %,34,0,0,0.00 %,0,0,0,0,0,3,17,8,1,1,0,19,0,0,989700,92218,4963,2776,1965,1812,1526,1921392
2022-12-09,1663,6489,222,8374,1349,6011,183,7543,24,87,8,119,1.44 %,1.34 %,3.60 %,1.42 %,34,5,39,32.77 %,1,0,1,2.56 %,5,2,0,2,9,20.83 %,2.30 %,25.00 %,7.56 %,33,10,10,30.30 %,8,5,2,5,20,7,14,10,1,1,0,16,0,598,982346,92218,4963,2776,2022,1849,1554,1921392
2022-12-08,1455,5050,263,6768,1214,4581,217,6012,72,282,31,385,4.95 %,5.58 %,11.79 %,5.69 %,41,4,45,11.69 %,9,5,14,31.11 %,9,12,8,2,31,12.50 %,7.09 %,6.45 %,8.05 %,23,19,17,82.61 %,29,15,3,2,49,8,13,4,2,1,0,16,6992,1347,975565,92099,4955,2764,2030,1849,1552,1914065
2022-12-07,1507,3966,178,5651,1234,3552,147,4933,73,285,21,379,4.84 %,7.19 %,11.80 %,6.71 %,37,5,42,11.08 %,3,3,6,14.29 %,15,10,6,0,31,20.55 %,5.61 %,0.00 %,8.18 %,23,21,17,91.30 %,21,18,1,5,45,3,16,8,2,1,0,19,2244,749,969992,91718,4927,2739,2011,1832,1538,1890474
2022-12-06,1675,4081,137,5893,1427,3687,101,5215,87,316,14,417,5.19 %,7.74 %,10.22 %,7.08 %,39,2,41,9.83 %,0,0,0,0.00 %,17,10,3,4,34,19.54 %,4.11 %,28.57 %,8.15 %,31,23,21,74.19 %,33,13,4,5,55,3,17,11,4,0,0,21,3697,1196,965453,91340,4900,2716,1999,1818,1521,1872827
2022-12-05,1759,4371,179,6309,1477,3984,141,5602,99,325,16,440,5.63 %,7.44 %,8.94 %,6.97 %,46,6,52,11.82 %,0,0,0,0.00 %,16,15,4,3,38,16.16 %,5.85 %,18.75 %,8.64 %,79,74,68,93.67 %,72,47,7,9,135,4,21,13,1,1,0,23,1646,2543,960686,90924,4871,2687,1987,1800,1518,1847792
2022-12-04,1733,5169,238,7140,1513,4712,192,6417,78,365,26,469,4.50 %,7.06 %,10.92 %,6.57 %,35,3,38,8.10 %,0,3,3,7.89 %,11,8,3,5,27,14.10 %,3.01 %,19.23 %,5.76 %,6,0,0,0.00 %,0,0,0,0,0,0,10,2,1,0,0,11,5597,0,955540,90492,4836,2613,1961,1730,1465,1800435
2022-12-03,1800,5604,223,7627,1526,5157,180,6863,92,387,25,504,5.11 %,6.91 %,11.21 %,6.61 %,53,5,58,11.51 %,1,2,3,5.17 %,12,17,7,5,41,13.04 %,6.20 %,20.00 %,8.13 %,16,0,0,0.00 %,0,0,0,0,0,0,11,5,0,0,0,11,2993,0,949639,90024,4811,2609,1960,1736,1468,1793790
2022-12-02,1683,5131,245,7059,1395,4751,195,6341,93,450,33,576,5.53 %,8.77 %,13.47 %,8.16 %,44,6,50,8.68 %,6,2,8,16.00 %,15,11,3,6,35,16.13 %,3.11 %,18.18 %,6.08 %,27,8,8,29.63 %,12,8,0,3,23,0,6,2,1,0,0,7,897,0,943384,89522,4772,2597,1953,1741,1473,1785753
2022-12-01,1710,5261,246,7217,1408,4901,200,6509,75,621,28,724,4.39 %,11.80 %,11.38 %,10.03 %,41,6,47,6.49 %,2,6,8,17.02 %,19,8,5,3,35,25.33 %,2.09 %,10.71 %,4.83 %,25,17,14,68.00 %,25,19,3,3,50,3,17,10,3,0,0,20,2395,897,937690,88947,4738,2585,1937,1738,1469,1777680
2022-11-30,1850,7882,259,9991,1560,7223,208,8991,78,236,55,369,4.22 %,2.99 %,21.24 %,3.69 %,36,4,40,10.84 %,1,2,3,7.50 %,9,11,5,5,30,11.54 %,6.78 %,9.09 %,8.13 %,34,21,18,61.76 %,26,10,0,6,42,4,13,8,0,0,0,13,4295,0,931860,88224,4707,2561,1924,1719,1450,1754394
2022-11-29,1929,5936,420,8285,1625,5356,348,7329,140,236,67,443,7.26 %,3.98 %,15.95 %,5.35 %,43,15,58,13.09 %,4,8,12,20.69 %,22,5,2,8,37,15.71 %,2.97 %,11.94 %,8.35 %,22,14,13,63.64 %,20,13,1,2,36,5,22,11,1,1,0,24,3398,299,923292,87856,4678,2532,1909,1697,1435,1734847
2022-11-28,1898,6156,504,8558,1612,5607,448,7667,99,276,75,450,5.22 %,4.48 %,14.88 %,5.26 %,56,2,58,12.89 %,3,7,10,17.24 %,24,8,3,8,43,24.24 %,3.99 %,10.67 %,9.56 %,31,17,17,54.84 %,30,9,2,3,44,3,16,9,3,1,0,20,1797,598,916278,87417,4642,2512,1893,1682,1427,1718441
2022-11-27,1926,6754,301,8981,1662,6129,232,8023,119,265,41,425,6.18 %,3.92 %,13.62 %,4.73 %,44,4,48,11.29 %,6,3,9,18.75 %,26,3,2,5,36,21.85 %,1.89 %,12.20 %,8.47 %,53,35,30,66.04 %,33,18,1,6,58,2,14,5,0,0,0,14,598,749,908989,86968,4600,2483,1872,1657,1408,1699447
2022-11-26,2165,8422,575,11162,1904,7700,494,10098,128,303,75,506,5.91 %,3.60 %,13.04 %,4.53 %,65,9,74,14.62 %,6,5,11,14.86 %,30,12,4,6,52,23.44 %,5.28 %,8.00 %,10.28 %,56,39,39,69.64 %,42,22,1,23,88,7,26,16,3,0,0,29,2096,299,901312,86545,4567,2447,1865,1630,1389,1677463
2022-11-25,1820,7158,408,9386,1532,6455,333,8320,118,265,66,449,6.48 %,3.70 %,16.18 %,4.78 %,53,2,55,12.25 %,4,5,9,16.36 %,23,3,3,7,36,19.49 %,2.26 %,10.61 %,8.02 %,135,128,121,94.81 %,116,56,9,24,205,16,36,28,2,0,1,39,1347,2691,891666,86042,4518,2396,1847,1598,1367,1645316
2022-11-24,1929,7848,276,10053,1607,7150,219,8976,113,273,38,424,5.86 %,3.48 %,13.77 %,4.22 %,36,7,43,10.14 %,1,8,9,20.93 %,17,5,4,4,30,15.04 %,3.30 %,10.53 %,7.08 %,55,6,4,10.91 %,28,23,1,4,56,7,20,10,1,0,0,21,2096,749,883735,85597,4484,2266,1861,1476,1291,1579231
2022-11-23,1947,8877,273,11097,1634,8221,215,10070,120,283,29,432,6.16 %,3.19 %,10.62 %,3.89 %,54,2,56,12.96 %,4,4,8,14.29 %,29,7,3,6,45,24.17 %,3.53 %,20.69 %,10.42 %,24,2,2,8.33 %,1,1,0,0,2,24,17,1,0,0,0,17,1347,0,875230,85175,4458,2256,1861,1472,1288,1558594
2022-11-22,2256,10819,334,13409,1950,10126,265,12341,80,307,45,432,3.55 %,2.84 %,13.47 %,3.22 %,48,8,56,12.96 %,3,8,11,19.64 %,19,4,6,5,34,23.75 %,3.26 %,11.11 %,7.87 %,10,0,0,0.00 %,0,0,0,0,0,38,14,2,1,0,0,15,5494,0,865608,84743,4417,2242,1838,1466,1274,1552010
2022-11-21,1946,7446,444,9836,1636,6771,381,8788,96,294,52,442,4.93 %,3.95 %,11.71 %,4.49 %,55,1,56,12.67 %,3,6,9,16.07 %,24,9,2,7,42,25.00 %,3.74 %,13.46 %,9.50 %,15,7,6,46.67 %,13,7,0,1,21,28,18,3,4,0,0,22,598,0,853745,84311,4386,2231,1823,1464,1272,1542623
2022-11-20,2130,8185,675,10990,1771,7460,571,9802,103,404,107,614,4.84 %,4.94 %,15.85 %,5.59 %,90,9,99,16.12 %,13,14,27,27.27 %,31,18,7,10,66,30.10 %,6.19 %,9.35 %,10.75 %,12,6,3,50.00 %,14,22,1,3,40,7,18,6,1,0,0,19,2543,299,845537,83875,4345,2215,1796,1456,1266,1529355
2022-11-19,2340,7015,1533,10888,2047,6375,1403,9825,148,336,196,680,6.32 %,4.79 %,12.79 %,6.25 %,111,13,124,18.24 %,17,32,49,39.52 %,35,8,3,23,69,23.65 %,3.27 %,11.73 %,10.15 %,14,6,6,42.86 %,16,17,1,2,36,3,20,3,2,0,0,22,1347,299,836367,83263,4281,2196,1742,1440,1250,1506712
2022-11-18,2043,6248,667,8958,1719,5639,608,7966,108,263,70,441,5.29 %,4.21 %,10.49 %,4.92 %,63,2,65,14.74 %,4,11,15,23.08 %,26,9,1,8,44,24.07 %,3.80 %,11.43 %,9.98 %,20,11,8,55.00 %,20,18,2,2,42,6,12,3,1,0,0,13,299,1498,827270,82593,4215,2179,1698,1436,1241,1487911
2022-11-17,4442,4737,174,9353,4018,4178,128,8324,362,246,44,652,8.15 %,5.19 %,25.29 %,6.97 %,155,3,158,24.23 %,0,1,1,0.63 %,104,11,5,7,127,28.73 %,6.50 %,15.91 %,19.48 %,22,15,12,68.18 %,20,22,1,5,48,11,17,3,2,0,0,19,2845,299,819896,82157,4170,2163,1676,1435,1241,1471161
2022-11-16,3271,5454,223,8948,2893,4786,177,7856,142,269,62,473,4.34 %,4.93 %,27.80 %,5.29 %,84,12,96,20.30 %,0,0,0,0.00 %,35,13,5,14,67,24.65 %,6.69 %,22.58 %,14.16 %,21,10,9,47.62 %,10,19,0,2,31,3,31,2,2,0,0,33,4745,0,812248,81516,4044,2131,1570,1412,1223,1442780
2022-11-15,1484,6038,148,7670,1104,5356,119,6579,48,315,23,386,3.23 %,5.22 %,15.54 %,5.03 %,19,1,20,5.18 %,0,0,0,0.00 %,10,5,3,3,21,20.83 %,2.54 %,13.04 %,5.44 %,20,16,10,80.00 %,26,16,4,3,49,9,10,4,3,0,0,13,897,2096,805045,81052,3981,2110,1524,1402,1217,1424426
2022-11-14,1692,7230,137,9059,1238,6452,99,7789,76,331,26,433,4.49 %,4.58 %,18.98 %,4.78 %,28,6,34,7.85 %,0,0,0,0.00 %,9,10,7,3,29,11.84 %,5.14 %,11.54 %,6.70 %,20,12,7,60.00 %,26,13,2,4,45,6,10,3,2,0,0,12,2543,598,798908,80668,3960,2094,1520,1394,1212,1405731
2022-11-13,1872,7819,154,9845,1395,7073,122,8590,63,374,32,469,3.37 %,4.78 %,20.78 %,4.76 %,14,0,14,2.99 %,2,0,2,14.29 %,6,6,0,2,14,9.52 %,1.60 %,6.25 %,2.99 %,22,15,10,68.18 %,21,9,3,3,36,7,14,8,1,0,0,15,0,897,791617,80241,3932,2079,1520,1398,1206,1387335
2022-11-12,2094,8575,205,10874,1653,7867,175,9695,95,375,54,524,4.54 %,4.37 %,26.34 %,4.82 %,21,3,24,4.58 %,1,0,1,4.17 %,10,6,2,2,20,10.53 %,2.13 %,3.70 %,3.82 %,8,4,3,50.00 %,19,18,2,3,42,4,5,2,1,1,0,7,598,1048,783737,79774,3919,2065,1527,1400,1200,1373726
2022-11-11,2089,7272,183,9544,1571,6624,148,8343,84,295,40,419,4.02 %,4.06 %,21.86 %,4.39 %,24,2,26,6.21 %,2,0,2,7.69 %,10,6,1,4,21,11.90 %,2.37 %,10.00 %,5.01 %,19,14,12,73.68 %,18,14,3,1,36,6,9,3,0,0,0,9,299,897,774955,79255,3902,2057,1521,1402,1200,1358474
2022-11-10,1872,6614,138,8624,1443,6013,105,7561,77,291,30,398,4.11 %,4.40 %,21.74 %,4.62 %,23,4,27,6.78 %,1,0,1,3.70 %,13,10,2,0,25,16.88 %,4.12 %,0.00 %,6.28 %,8,4,2,50.00 %,14,11,4,5,34,3,4,2,2,0,0,6,3398,2096,767592,78838,3881,2041,1513,1394,1193,1345164
2022-11-09,1816,7844,166,9826,1422,7188,130,8740,66,315,36,417,3.63 %,4.02 %,21.69 %,4.24 %,24,2,26,6.24 %,1,0,1,3.85 %,9,11,2,2,24,13.64 %,4.13 %,5.56 %,5.76 %,15,12,7,80.00 %,16,13,6,11,46,7,10,3,1,0,0,11,598,2694,760749,78440,3858,2035,1503,1397,1199,1328604
2022-11-08,1748,6589,696,9033,1381,6056,645,8082,61,290,42,393,3.49 %,4.40 %,6.03 %,4.35 %,22,1,23,5.85 %,0,0,0,0.00 %,12,5,3,3,23,19.67 %,2.76 %,7.14 %,5.85 %,23,11,10,47.83 %,23,13,1,2,39,9,17,8,2,1,0,20,3247,299,752679,78025,3836,2026,1511,1407,1198,1312153
2022-11-07,1793,6337,209,8339,1415,5809,171,7395,69,298,27,394,3.85 %,4.70 %,12.92 %,4.72 %,20,3,23,5.84 %,0,0,0,0.00 %,11,7,1,2,21,15.94 %,2.68 %,7.41 %,5.33 %,13,10,7,76.92 %,18,10,2,4,34,4,9,4,3,0,0,12,299,1498,745187,77635,3815,2013,1498,1399,1193,1293847
2022-11-06,1808,7005,178,8991,1490,6484,137,8111,74,406,49,529,4.09 %,5.80 %,27.53 %,5.88 %,29,7,36,6.81 %,2,3,5,13.89 %,10,8,3,7,28,13.51 %,2.71 %,14.29 %,5.29 %,29,16,15,55.17 %,28,10,1,1,40,9,13,7,1,1,0,15,897,299,738483,77244,3795,2000,1505,1402,1193,1280087
2022-11-05,2061,6305,186,8552,1691,5845,145,7681,76,435,46,557,3.69 %,6.90 %,24.73 %,6.51 %,13,12,25,4.49 %,1,8,9,36.00 %,9,2,1,0,12,11.84 %,0.69 %,0.00 %,2.15 %,19,12,12,63.16 %,16,11,2,2,31,11,5,3,0,0,0,5,749,598,731084,76719,3769,1977,1497,1389,1182,1263636
2022-11-04,1873,5851,387,8111,1512,5443,345,7300,68,353,84,505,3.63 %,6.03 %,21.71 %,6.23 %,22,8,30,5.94 %,1,6,7,23.33 %,11,7,2,2,22,16.18 %,2.55 %,2.38 %,4.36 %,19,15,10,78.95 %,18,16,4,0,38,7,11,4,1,0,0,12,3398,1646,724210,76165,3758,1960,1497,1379,1177,1251522
2022-11-03,1647,3034,215,4896,1258,2701,193,4152,38,240,60,338,2.31 %,7.91 %,27.91 %,6.90 %,11,5,16,4.73 %,2,1,3,18.75 %,6,3,2,0,11,15.79 %,2.08 %,0.00 %,3.25 %,15,7,6,46.67 %,8,13,3,0,24,8,12,4,0,0,0,12,1048,1347,717709,75664,3739,1945,1490,1369,1165,1230217
2022-11-02,1598,2687,111,4396,1195,2402,74,3671,48,206,26,280,3.00 %,7.67 %,23.42 %,6.37 %,12,4,16,5.71 %,0,0,0,0.00 %,5,5,2,2,14,10.42 %,3.40 %,7.69 %,5.00 %,20,11,7,55.00 %,17,14,2,1,34,4,6,4,2,0,0,8,1048,1498,714062,75326,3729,1936,1495,1367,1162,1218595
2022-11-01,1896,2948,114,4958,1532,2759,89,4380,76,253,34,363,4.01 %,8.58 %,29.82 %,7.32 %,23,2,25,6.89 %,0,0,0,0.00 %,16,5,2,3,26,21.05 %,2.77 %,8.82 %,7.16 %,16,12,8,75.00 %,20,20,3,0,43,8,14,9,0,0,0,14,1048,897,710905,75047,3717,1926,1494,1365,1160,1205282
2022-10-31,1775,6402,137,8314,1524,6041,120,7685,65,199,41,305,3.66 %,3.11 %,29.93 %,3.67 %,10,6,16,5.25 %,0,0,0,0.00 %,9,2,0,2,13,13.85 %,1.01 %,4.88 %,4.26 %,14,7,6,50.00 %,16,11,1,1,29,12,6,5,0,0,0,6,0,299,707199,74689,3692,1915,1490,1366,1157,1189879
2022-10-30,2186,7185,217,9588,1946,6775,192,8913,79,301,63,443,3.61 %,4.19 %,29.03 %,4.62 %,34,6,40,9.03 %,1,8,9,22.50 %,23,6,2,1,32,29.11 %,2.66 %,1.59 %,7.22 %,23,13,11,56.52 %,15,12,0,1,28,7,7,5,1,0,0,8,598,0,699805,74384,3678,1906,1491,1362,1153,1180311
2022-10-29,2264,5522,233,8019,2020,5165,209,7394,95,330,79,504,4.20 %,5.98 %,33.91 %,6.29 %,26,9,35,6.94 %,2,4,6,17.14 %,15,3,1,1,20,15.79 %,1.21 %,1.27 %,3.97 %,17,11,11,64.71 %,25,6,2,0,33,10,14,3,0,0,0,14,749,598,691375,73946,3648,1891,1471,1353,1140,1167943
2022-10-28,1570,4943,143,6656,1284,4613,128,6025,72,230,39,341,4.59 %,4.65 %,27.27 %,5.12 %,18,13,31,9.09 %,0,0,0,0.00 %,12,7,0,0,19,16.67 %,3.04 %,0.00 %,5.57 %,15,8,4,53.33 %,18,6,0,4,28,12,12,6,0,1,0,13,0,0,684499,73445,3628,1878,1472,1353,1136,1154678
2022-10-27,1477,4047,144,5668,1234,3713,126,5073,59,206,49,314,3.99 %,5.09 %,34.03 %,5.54 %,16,3,19,6.05 %,0,2,2,10.53 %,5,8,1,2,16,8.47 %,4.37 %,4.08 %,5.10 %,17,10,6,58.82 %,37,17,2,9,65,12,9,7,0,0,0,9,299,598,678880,73109,3610,1872,1474,1362,1144,1144808
2022-10-26,1685,4579,183,6447,1449,4244,167,5860,48,283,61,392,2.85 %,6.18 %,33.33 %,6.08 %,18,2,20,5.10 %,0,1,1,5.00 %,7,8,4,0,19,14.58 %,4.24 %,0.00 %,4.85 %,18,8,6,44.44 %,27,12,2,0,41,13,9,5,1,0,0,10,3546,598,674190,72802,3595,1865,1482,1368,1151,1120625
2022-10-25,1697,3905,186,5788,1474,3607,174,5255,82,228,64,374,4.83 %,5.84 %,34.41 %,6.46 %,18,8,26,6.95 %,1,1,2,7.69 %,11,5,2,1,19,13.41 %,3.07 %,1.56 %,5.08 %,28,16,11,57.14 %,18,21,2,6,47,12,9,5,1,1,0,11,2948,598,668821,72410,3576,1855,1487,1371,1150,1104820
2022-10-24,1874,4590,252,6716,1662,4234,239,6135,133,274,79,486,7.10 %,5.97 %,31.35 %,7.24 %,22,4,26,5.35 %,3,6,9,34.62 %,10,5,0,0,15,7.52 %,1.82 %,0.00 %,3.09 %,31,13,10,41.94 %,18,14,1,0,33,9,7,3,0,0,0,7,0,299,664015,72038,3559,1839,1494,1368,1144,1085723
2022-10-23,2120,5000,437,7557,1936,4734,419,7089,232,353,152,737,10.94 %,7.06 %,34.78 %,9.75 %,29,8,37,5.02 %,2,4,6,16.22 %,16,4,1,2,23,6.90 %,1.42 %,1.32 %,3.12 %,33,16,16,48.48 %,14,17,0,5,36,15,13,7,0,0,0,13,2649,0,658308,71553,3545,1828,1505,1365,1145,1074657
2022-10-22,2260,3733,991,6984,1999,3450,978,6427,1101,0,0,1101,48.72 %,0.00 %,0.00 %,15.76 %,41,25,66,5.99 %,23,0,23,34.85 %,21,1,0,1,23,1.91 %,inf %,inf %,2.09 %,38,21,18,55.26 %,24,14,1,2,41,8,10,4,0,2,0,12,0,299,651942,70818,3523,1810,1504,1351,1138,1060945
2022-10-21,2139,3402,435,5976,1882,3122,426,5430,166,177,147,490,7.76 %,5.20 %,33.79 %,8.20 %,25,5,30,6.12 %,2,4,6,20.00 %,10,3,2,4,19,6.02 %,2.82 %,2.72 %,3.88 %,20,11,10,55.00 %,16,23,0,2,41,9,12,7,1,1,0,14,598,0,651942,69735,3501,1785,1493,1332,1124,1037743
2022-10-20,1840,3413,49,5302,1163,2283,30,3476,65,85,11,161,3.53 %,2.49 %,22.45 %,3.04 %,12,5,17,10.56 %,0,0,0,0.00 %,5,7,0,0,12,7.69 %,8.24 %,0.00 %,7.45 %,20,8,5,40.00 %,18,16,1,1,36,9,8,3,1,0,0,9,0,299,647014,69251,3485,1772,1494,1323,1111,1022340
2022-10-19,1798,2928,36,4762,1570,2711,32,4313,60,85,13,158,3.34 %,2.90 %,36.11 %,3.32 %,19,2,21,13.29 %,0,0,0,0.00 %,8,8,1,0,17,13.33 %,10.59 %,0.00 %,10.76 %,29,21,18,72.41 %,24,22,0,2,48,8,10,5,2,0,0,12,749,0,642734,69092,3472,1767,1503,1329,1117,1010676
2022-10-18,1576,3449,48,5073,1384,3198,41,4623,165,216,10,391,10.47 %,6.26 %,20.83 %,7.71 %,23,6,29,7.42 %,0,0,0,0.00 %,13,11,1,1,26,7.88 %,5.56 %,10.00 %,6.65 %,22,11,11,50.00 %,15,21,1,9,46,12,13,3,1,0,0,14,749,299,638856,68934,3452,1745,1505,1321,1110,994376
2022-10-17,1604,4453,85,6142,1440,4189,79,5708,189,245,15,449,11.78 %,5.50 %,17.65 %,7.31 %,30,12,42,9.35 %,0,0,0,0.00 %,15,10,2,0,27,7.94 %,4.90 %,0.00 %,6.01 %,23,13,11,56.52 %,13,17,0,1,31,10,13,5,1,0,0,14,3398,0,634810,68546,3426,1731,1501,1317,1105,976925
2022-10-16,1737,5229,78,7044,1576,4962,68,6606,213,339,27,579,12.26 %,6.48 %,34.62 %,8.22 %,49,12,61,10.54 %,0,3,3,4.92 %,21,16,1,3,41,9.86 %,5.01 %,11.11 %,7.08 %,26,14,12,53.85 %,23,21,2,1,47,9,13,4,0,0,0,13,749,598,630548,68099,3399,1716,1497,1312,1100,960860
2022-10-15,1931,5208,58,7197,1714,4973,47,6734,238,315,19,572,12.33 %,6.05 %,32.76 %,7.95 %,45,15,60,10.49 %,0,0,0,0.00 %,23,12,2,4,41,9.66 %,4.44 %,21.05 %,7.17 %,33,19,19,57.58 %,21,12,2,3,38,10,14,5,0,1,0,15,598,598,624657,67522,3358,1695,1474,1296,1090,941265
2022-10-14,1537,3391,61,4989,1333,3174,54,4561,199,286,7,492,12.95 %,8.43 %,11.48 %,9.86 %,22,7,29,5.89 %,0,0,0,0.00 %,9,9,3,1,22,4.52 %,4.20 %,14.29 %,4.47 %,49,36,31,73.47 %,29,9,2,1,41,9,19,9,0,0,0,19,1347,598,618867,66954,3320,1674,1460,1284,1078,928408
2022-10-13,1351,2798,46,4195,1154,2617,38,3809,167,227,15,409,12.36 %,8.11 %,32.61 %,9.75 %,21,10,31,7.58 %,0,1,1,3.23 %,9,7,1,1,18,5.39 %,3.52 %,6.67 %,4.40 %,38,26,24,68.42 %,25,21,2,7,55,8,18,10,0,1,0,19,749,598,613376,66464,3300,1640,1459,1259,1060,913754
2022-10-12,1819,3783,56,5658,1587,3569,45,5201,172,228,10,410,9.46 %,6.03 %,17.86 %,7.25 %,40,17,57,13.90 %,1,0,1,1.75 %,18,10,3,1,32,10.47 %,5.70 %,10.00 %,7.80 %,25,9,9,36.00 %,16,10,1,2,29,12,15,5,0,0,0,15,1347,299,609381,66056,3282,1615,1467,1245,1054,896560
2022-10-11,1584,3248,64,4896,1396,3063,52,4511,182,245,13,440,11.49 %,7.54 %,20.31 %,8.99 %,23,14,37,8.41 %,0,2,2,5.41 %,14,7,1,0,22,7.69 %,3.27 %,0.00 %,5.00 %,35,18,17,51.43 %,16,13,2,6,37,9,17,9,0,0,0,17,299,598,605667,65648,3253,1603,1461,1241,1048,885494
2022-10-10,1722,2533,59,4314,1540,2366,51,3957,192,293,20,505,11.15 %,11.57 %,33.90 %,11.71 %,30,13,43,8.51 %,0,0,0,0.00 %,17,7,0,2,26,8.85 %,2.39 %,10.00 %,5.15 %,40,29,25,72.50 %,16,13,4,11,44,8,15,5,3,0,0,18,0,1196,601308,65210,3233,1585,1454,1224,1035,873833
2022-10-09,1973,2267,162,4402,1774,2107,157,4038,207,125,23,355,10.49 %,5.51 %,14.20 %,8.06 %,34,7,41,11.55 %,1,1,2,4.88 %,21,6,1,0,28,10.14 %,5.60 %,0.00 %,7.89 %,46,31,31,67.39 %,29,14,0,2,45,9,22,11,0,0,0,22,299,0,596886,64705,3208,1556,1451,1202,1016,854781
2022-10-08,2135,2227,190,4552,1910,2053,179,4142,276,144,44,464,12.93 %,6.47 %,23.16 %,10.19 %,40,11,51,10.99 %,0,0,0,0.00 %,24,9,0,1,34,8.70 %,6.25 %,2.27 %,7.33 %,45,26,25,57.78 %,15,11,1,4,31,8,15,6,1,0,0,16,0,299,593531,64350,3180,1522,1445,1172,998,839529
2022-10-07,1998,1992,416,4406,1791,1811,387,3989,264,132,65,461,13.21 %,6.63 %,15.62 %,10.46 %,63,17,80,17.35 %,3,2,5,6.25 %,36,8,0,2,46,13.64 %,6.06 %,3.08 %,9.98 %,33,20,18,60.61 %,24,14,2,0,40,10,17,5,1,0,0,18,0,598,589653,63889,3146,1495,1436,1157,983,829212
2022-10-06,1996,2708,55,4759,1795,2526,40,4361,255,125,52,432,12.78 %,4.62 %,94.55 %,9.08 %,49,18,67,15.51 %,5,1,6,8.96 %,20,8,1,8,37,7.84 %,7.20 %,15.38 %,8.56 %,25,11,10,44.00 %,10,16,3,1,30,7,12,2,2,0,0,14,749,897,585956,63433,3100,1475,1409,1144,972,814304
2022-10-05,1859,4812,78,6749,1623,4629,52,6304,288,162,7,457,15.49 %,3.37 %,8.97 %,6.77 %,30,14,44,9.63 %,0,0,0,0.00 %,16,8,1,1,26,5.56 %,5.56 %,14.29 %,5.69 %,16,10,9,62.50 %,10,14,4,0,28,6,12,2,1,0,0,13,299,1196,582038,63004,3063,1464,1386,1139,966,804585
2022-10-04,1720,2003,2210,5933,1514,1846,2178,5538,241,220,13,474,14.01 %,10.98 %,0.59 %,7.99 %,33,12,45,9.49 %,0,0,0,0.00 %,18,12,0,3,33,7.47 %,5.45 %,23.08 %,6.96 %,30,13,10,43.33 %,7,13,3,0,23,12,11,5,1,0,0,12,0,897,577238,62547,3038,1453,1381,1131,960,795615
2022-10-03,2553,1761,1911,6225,2402,1588,1899,5889,208,228,295,731,8.15 %,12.95 %,15.44 %,11.74 %,57,24,81,11.08 %,0,0,0,0.00 %,11,9,0,19,39,5.29 %,3.95 %,6.44 %,5.34 %,18,12,12,66.67 %,15,14,0,1,30,1,15,6,0,0,0,15,0,0,572620,62075,3005,1443,1365,1133,957,788738
2022-10-02,2320,1362,73,3755,2143,1162,64,3369,326,298,45,669,14.05 %,21.88 %,61.64 %,17.82 %,65,12,77,11.51 %,0,0,0,0.00 %,33,12,2,5,52,10.12 %,4.70 %,11.11 %,7.77 %,32,17,15,53.12 %,17,19,2,0,38,0,14,4,0,0,0,14,598,598,565859,61346,2966,1430,1354,1134,953,779469
2022-10-01,2349,4097,79,6525,2079,3692,71,5842,341,211,30,582,14.52 %,5.15 %,37.97 %,8.92 %,59,14,73,12.54 %,0,0,0,0.00 %,30,12,2,6,50,8.80 %,6.64 %,20.00 %,8.59 %,22,17,15,77.27 %,17,16,0,1,34,3,14,4,0,0,0,14,598,0,561441,60677,2915,1409,1318,1121,940,763513
2022-09-30,1335,6679,21,8035,1106,6148,13,7267,276,483,13,772,20.67 %,7.23 %,61.90 %,9.61 %,51,15,66,8.55 %,0,0,0,0.00 %,17,16,0,0,33,6.16 %,3.31 %,0.00 %,4.27 %,19,9,9,47.37 %,7,13,0,0,20,1,12,3,0,0,0,12,0,0,558496,60095,2868,1389,1286,1107,930,747853
2022-09-29,1106,6413,19,7538,939,5858,13,6810,138,505,1,644,12.48 %,7.87 %,5.26 %,8.54 %,31,12,43,6.68 %,1,0,1,2.33 %,8,17,2,0,27,5.80 %,3.76 %,0.00 %,4.19 %,36,14,11,38.89 %,16,10,2,0,28,3,12,10,0,0,0,12,1498,598,552042,59328,2834,1378,1280,1101,926,738925
2022-09-28,1079,5919,17,7015,916,5440,13,6369,140,404,5,549,12.97 %,6.83 %,29.41 %,7.83 %,25,15,40,7.29 %,0,0,0,0.00 %,7,13,1,1,22,5.00 %,3.47 %,20.00 %,4.01 %,25,14,14,56.00 %,26,9,0,2,37,0,21,11,0,0,0,21,749,0,545219,58684,2807,1363,1270,1091,918,725657
2022-09-27,1025,4373,12,5410,873,3892,6,4771,140,352,0,492,13.66 %,8.05 %,0.00 %,9.09 %,35,9,44,8.94 %,1,0,1,2.27 %,11,17,2,0,30,7.86 %,5.40 %,nan %,6.10 %,24,15,15,62.50 %,33,14,0,9,56,0,9,6,0,0,1,10,598,0,539307,58138,2787,1344,1279,1095,912,712199
2022-09-26,1159,9083,20,10262,1024,8373,17,9414,109,330,4,443,9.40 %,3.63 %,20.00 %,4.32 %,24,19,43,9.71 %,1,0,1,2.33 %,9,10,2,0,21,8.26 %,3.64 %,0.00 %,4.74 %,28,18,15,64.29 %,27,17,1,1,46,0,7,4,3,0,1,11,598,299,533746,57647,2758,1327,1277,1095,905,694558
2022-09-25,1219,7533,13,8765,1059,6903,10,7972,187,477,3,667,15.34 %,6.33 %,23.08 %,7.61 %,43,8,51,7.65 %,0,0,0,0.00 %,15,21,4,1,41,8.02 %,5.24 %,33.33 %,6.15 %,24,15,15,62.50 %,16,20,0,5,41,2,13,6,1,0,0,14,1646,0,528752,57207,2738,1309,1270,1082,895,677258
2022-09-24,1270,6480,19,7769,1114,5924,15,7053,178,437,5,620,14.02 %,6.74 %,26.32 %,7.98 %,41,7,48,7.74 %,0,0,0,0.00 %,7,14,3,1,25,3.93 %,3.89 %,20.00 %,4.03 %,25,8,7,32.00 %,15,13,0,1,29,0,7,2,2,0,0,9,897,0,519766,56541,2702,1285,1255,1065,885,658759
2022-09-23,1265,7090,13,8368,1082,6508,9,7599,158,378,2,538,12.49 %,5.33 %,15.38 %,6.43 %,24,17,41,7.62 %,1,0,1,2.44 %,4,14,1,1,20,2.53 %,3.97 %,50.00 %,3.72 %,29,12,11,41.38 %,12,10,0,5,27,2,13,4,0,0,0,13,299,0,512399,55923,2677,1274,1257,1065,884,648892
2022-09-22,1381,7291,11,8683,1219,6754,6,7979,196,482,2,680,14.19 %,6.61 %,18.18 %,7.83 %,38,39,77,11.32 %,0,0,0,0.00 %,23,17,0,0,40,11.73 %,3.53 %,0.00 %,5.88 %,26,12,10,46.15 %,12,10,1,0,23,0,11,2,0,0,0,11,0,299,506057,55388,2658,1263,1261,1062,875,640520
2022-09-21,1318,7912,18,9248,1140,7276,10,8426,198,492,5,695,15.02 %,6.22 %,27.78 %,7.52 %,17,6,23,3.31 %,0,0,0,0.00 %,13,11,0,1,25,6.57 %,2.24 %,20.00 %,3.60 %,40,20,16,50.00 %,11,21,0,1,33,2,17,6,3,0,0,20,0,0,498693,54710,2620,1248,1253,1058,862,631248
2022-09-20,1424,7134,20,8578,1162,6557,9,7728,152,440,3,595,10.67 %,6.17 %,15.00 %,6.94 %,36,10,46,7.73 %,0,0,0,0.00 %,16,12,1,1,30,10.53 %,2.95 %,33.33 %,5.04 %,42,12,11,28.57 %,13,18,1,2,34,2,14,6,0,0,0,14,299,299,491223,54016,2596,1230,1273,1059,854,620783
2022-09-19,1424,8755,15,10194,1255,8132,8,9395,171,392,1,564,12.01 %,4.48 %,6.67 %,5.53 %,41,24,65,11.52 %,0,0,0,0.00 %,8,19,1,0,28,4.68 %,5.10 %,0.00 %,4.96 %,31,18,18,58.06 %,15,22,0,1,38,2,17,12,1,0,0,18,2649,0,483832,53421,2567,1215,1266,1051,848,606621
2022-09-18,1248,7647,15,8910,1107,7056,13,8176,183,492,3,678,14.66 %,6.43 %,20.00 %,7.61 %,32,9,41,6.05 %,0,0,0,0.00 %,5,15,1,4,25,2.73 %,3.25 %,133.33 %,3.69 %,56,27,24,48.21 %,12,22,1,13,48,1,9,4,0,0,0,9,299,299,476220,52857,2540,1194,1278,1040,840,591562
2022-09-17,1361,6482,19,7862,1209,5941,16,7166,171,474,5,650,12.56 %,7.31 %,26.32 %,8.27 %,39,10,49,7.54 %,0,0,0,0.00 %,5,20,2,1,28,2.92 %,4.64 %,20.00 %,4.31 %,29,11,11,37.93 %,6,20,0,2,28,0,25,7,0,0,0,25,3398,0,467225,52180,2514,1169,1286,1031,828,576911
2022-09-16,1317,5536,23,6876,1158,5040,19,6217,191,304,4,499,14.50 %,5.49 %,17.39 %,7.26 %,28,10,38,7.62 %,0,0,0,0.00 %,13,15,2,1,31,6.81 %,5.59 %,25.00 %,6.21 %,36,23,20,63.89 %,15,26,2,1,44,1,12,6,0,0,0,12,3398,598,459515,51531,2487,1154,1286,1031,824,564093
2022-09-15,1358,6763,23,8144,1169,6214,15,7398,173,393,5,571,12.74 %,5.81 %,21.74 %,7.01 %,41,18,59,10.33 %,0,0,0,0.00 %,8,18,0,0,26,4.62 %,4.58 %,0.00 %,4.55 %,20,10,6,50.00 %,10,9,2,3,24,0,17,5,0,0,0,17,0,598,454212,51032,2457,1131,1279,1019,809,546491
2022-09-14,1419,7909,33,9361,1247,7366,23,8636,153,528,2,683,10.78 %,6.68 %,6.06 %,7.30 %,50,16,66,9.66 %,0,0,0,0.00 %,13,29,4,0,46,8.50 %,6.25 %,0.00 %,6.73 %,23,12,9,52.17 %,3,9,2,0,14,0,13,3,0,0,0,13,1646,598,448019,50462,2432,1125,1267,1015,805,539315
2022-09-13,1449,8084,30,9563,1221,7536,18,8775,175,579,6,760,12.08 %,7.16 %,20.00 %,7.95 %,48,22,70,9.21 %,0,0,0,0.00 %,16,25,2,1,44,9.14 %,4.66 %,16.67 %,5.79 %,35,20,14,57.14 %,19,19,1,1,40,0,15,5,0,0,0,15,598,299,440692,49780,2390,1107,1250,1007,797,531538
2022-09-12,1389,5785,464,7638,1196,5285,448,6929,208,632,6,846,14.97 %,10.92 %,1.29 %,11.08 %,54,27,81,9.57 %,2,0,2,2.47 %,9,23,2,2,36,4.33 %,3.96 %,33.33 %,4.26 %,21,14,11,66.67 %,17,11,2,1,31,1,14,7,1,0,0,15,1048,598,433205,49021,2346,1089,1218,993,787,517932
2022-09-11,1397,5745,282,7424,1241,5280,269,6790,192,664,132,988,13.74 %,11.56 %,46.81 %,13.31 %,65,25,90,9.11 %,0,0,0,0.00 %,16,25,0,17,58,8.33 %,3.77 %,12.88 %,5.87 %,31,24,19,77.42 %,8,11,2,6,27,2,16,4,3,0,0,19,0,598,425255,48177,2312,1073,1189,976,775,503619
2022-09-10,1229,5202,23,6454,1093,4732,17,5842,159,568,38,765,12.94 %,10.92 %,165.22 %,11.85 %,44,21,65,8.50 %,0,0,0,0.00 %,7,22,5,4,38,4.40 %,4.75 %,10.53 %,4.97 %,27,14,11,51.85 %,8,7,2,0,17,0,17,6,0,0,0,17,6645,598,418336,47192,2254,1050,1151,958,760,493450
2022-09-09,1389,6713,25,8127,1196,6180,20,7396,162,566,2,730,11.66 %,8.43 %,8.00 %,8.98 %,41,21,62,8.49 %,0,0,0,0.00 %,12,22,2,2,38,7.41 %,4.24 %,100.00 %,5.21 %,28,14,13,50.00 %,8,11,0,1,20,0,7,2,0,0,0,7,1048,0,412225,46427,2220,1030,1129,940,744,479626
2022-09-08,1405,6770,18,8193,1240,6177,12,7429,179,540,4,723,12.74 %,7.98 %,22.22 %,8.82 %,27,23,50,6.92 %,0,0,0,0.00 %,6,11,2,1,20,3.35 %,2.41 %,25.00 %,2.77 %,15,9,7,60.00 %,3,5,0,1,9,1,13,2,1,0,0,14,1048,0,405791,45697,2184,1013,1103,927,733,466551
2022-09-07,1395,7668,31,9094,1237,7042,28,8307,196,538,2,736,14.05 %,7.02 %,6.45 %,8.09 %,35,22,57,7.74 %,0,0,0,0.00 %,6,17,1,0,24,3.06 %,3.35 %,0.00 %,3.26 %,34,27,18,79.41 %,18,12,2,0,32,0,7,4,2,0,0,9,299,598,399052,44975,2165,1003,1098,921,731,462063
2022-09-06,1268,7463,40,8771,1089,6904,31,8024,204,682,3,889,16.09 %,9.14 %,7.50 %,10.14 %,43,17,60,6.75 %,0,0,0,0.00 %,10,24,4,0,38,4.90 %,4.11 %,0.00 %,4.27 %,27,16,13,59.26 %,13,9,2,1,25,1,13,7,0,0,0,13,3996,598,392238,44240,2141,982,1094,908,717,449248
2022-09-05,1323,8092,184,9599,1160,7457,175,8792,186,657,6,849,14.06 %,8.12 %,3.26 %,8.84 %,29,17,46,5.42 %,1,0,1,2.17 %,8,11,2,1,22,4.30 %,1.98 %,16.67 %,2.59 %,37,18,14,48.65 %,8,11,3,0,22,0,12,5,0,0,0,12,2948,897,384287,43354,2103,964,1077,892,705,435128
2022-09-04,1476,8371,315,10162,1283,7683,306,9272,203,564,57,824,13.75 %,6.74 %,18.10 %,8.11 %,35,29,64,7.77 %,0,0,0,0.00 %,6,15,3,7,31,2.96 %,3.19 %,12.28 %,3.76 %,21,11,11,52.38 %,5,9,0,0,14,1,9,2,2,0,0,11,897,0,376839,42507,2083,947,1072,881,696,424853
2022-09-03,1505,6264,51,7820,1297,5684,45,7026,219,591,36,846,14.55 %,9.43 %,70.59 %,10.82 %,31,20,51,6.03 %,0,0,0,0.00 %,11,15,0,1,27,5.02 %,2.54 %,2.78 %,3.19 %,29,23,19,79.31 %,13,13,1,2,29,0,20,9,2,0,0,22,0,299,368672,41684,2052,932,1053,871,688,419021
2022-09-02,1807,6216,38,8061,1586,5621,30,7237,225,520,12,757,12.45 %,8.37 %,31.58 %,9.39 %,36,21,57,7.53 %,0,0,0,0.00 %,9,18,2,1,30,4.00 %,3.85 %,8.33 %,3.96 %,29,19,19,65.52 %,21,13,0,0,34,0,14,5,0,0,0,14,598,0,361026,40840,2025,911,1043,857,684,409302
2022-09-01,1407,8159,35,9601,1253,7518,31,8802,316,497,5,818,22.46 %,6.09 %,14.29 %,8.52 %,22,42,64,7.82 %,1,0,1,1.56 %,7,10,0,0,17,2.22 %,2.01 %,0.00 %,2.08 %,31,15,13,48.39 %,18,7,0,1,26,0,9,5,1,0,0,10,0,0,354831,40084,1994,889,1036,844,677,397789
2022-08-31,1164,7070,46,8280,1039,6418,38,7495,229,636,11,876,19.67 %,9.00 %,23.91 %,10.58 %,38,29,67,7.65 %,1,1,2,2.99 %,11,20,1,0,32,4.80 %,3.30 %,0.00 %,3.65 %,33,16,15,48.48 %,9,8,0,1,18,0,16,9,1,0,0,17,2649,0,348597,39266,1978,873,1038,829,667,388668
2022-08-30,1193,7849,62,9104,1061,7223,53,8337,165,576,7,748,13.83 %,7.34 %,11.29 %,8.22 %,39,11,50,6.68 %,2,0,2,4.00 %,12,14,1,1,28,7.27 %,2.60 %,14.29 %,3.74 %,31,17,12,54.84 %,11,7,1,0,19,0,16,6,1,0,0,17,299,299,340294,38394,1946,856,1027,818,660,377988
2022-08-29,1162,9119,63,10344,1051,8429,55,9535,187,677,9,873,16.09 %,7.42 %,14.29 %,8.44 %,42,22,64,7.33 %,3,0,3,4.69 %,14,22,2,0,38,7.49 %,3.55 %,0.00 %,4.35 %,36,21,12,58.33 %,16,8,0,1,25,0,21,11,0,0,0,21,3398,0,333247,37647,1919,841,1024,810,654,371410
2022-08-28,1152,7883,55,9090,1035,7217,46,8298,189,713,9,911,16.41 %,9.04 %,16.36 %,10.02 %,25,15,40,4.39 %,1,0,1,2.50 %,3,18,0,0,21,1.59 %,2.52 %,0.00 %,2.31 %,77,47,42,61.04 %,40,16,0,9,65,0,3,3,0,0,0,3,0,0,325233,36777,1881,824,1028,802,652,358290
2022-08-27,1260,6637,46,7943,1110,5986,43,7139,181,681,12,874,14.37 %,10.26 %,26.09 %,11.00 %,38,48,86,9.84 %,1,0,1,1.16 %,12,16,1,2,31,6.63 %,2.50 %,16.67 %,3.55 %,40,16,14,40.00 %,36,6,0,3,45,0,12,8,1,0,0,13,299,0,316585,35867,1860,782,1042,773,643,338855
2022-08-26,1318,7393,53,8764,1196,6689,42,7927,174,583,7,764,13.20 %,7.89 %,13.21 %,8.72 %,37,0,37,4.84 %,3,0,3,8.11 %,9,19,1,0,29,5.17 %,3.43 %,0.00 %,3.80 %,46,27,24,58.70 %,16,13,0,3,32,0,9,2,0,0,0,9,749,0,308960,34995,1829,763,1031,755,632,323005
2022-08-25,1284,6477,70,7831,1134,5790,57,6981,187,570,14,771,14.56 %,8.80 %,20.00 %,9.85 %,101,8,109,14.14 %,3,0,3,2.75 %,11,17,0,2,30,5.88 %,2.98 %,14.29 %,3.89 %,45,27,22,60.00 %,14,14,0,1,29,0,3,1,0,0,0,3,0,0,302293,34232,1800,738,1021,731,611,312688
2022-08-24,1369,7083,91,8543,1226,6384,74,7684,205,607,16,828,14.97 %,8.57 %,17.58 %,9.69 %,80,23,103,12.44 %,8,1,9,8.74 %,14,19,3,4,40,6.83 %,3.62 %,25.00 %,4.83 %,38,23,22,60.53 %,12,8,0,4,24,0,19,8,1,0,0,20,3697,0,295012,33468,1770,714,1009,709,591,302969
2022-08-23,1594,5977,69,7640,1440,5337,52,6829,206,614,13,833,12.92 %,10.27 %,18.84 %,10.90 %,41,15,56,6.72 %,2,2,4,7.14 %,10,17,1,2,30,4.85 %,2.93 %,15.38 %,3.60 %,40,19,18,47.50 %,12,6,0,1,19,0,17,5,0,0,0,17,299,0,288398,32642,1731,686,992,682,572,286200
2022-08-22,1867,10700,678,13245,1741,9845,656,12242,246,643,18,907,13.18 %,6.01 %,2.65 %,6.85 %,36,27,63,6.95 %,1,0,1,1.59 %,12,20,1,4,37,4.88 %,3.27 %,22.22 %,4.08 %,37,22,22,59.46 %,4,16,0,3,23,0,17,8,0,0,0,17,299,0,281376,31810,1703,665,979,663,560,279622
2022-08-21,1555,11790,552,13897,1421,10874,540,12835,260,816,258,1334,16.72 %,6.92 %,46.74 %,9.60 %,90,26,116,8.70 %,2,2,4,3.45 %,25,29,2,20,76,9.62 %,3.80 %,7.75 %,5.70 %,52,37,33,71.15 %,17,22,0,1,40,0,32,11,0,0,0,32,598,0,274716,30905,1667,636,957,636,543,267852
2022-08-20,1482,10219,88,11789,1341,9368,72,10781,257,813,46,1116,17.34 %,7.96 %,52.27 %,9.47 %,42,22,64,5.73 %,4,1,5,7.81 %,12,23,3,3,41,4.67 %,3.20 %,6.52 %,3.67 %,45,26,24,57.78 %,13,13,0,0,26,0,24,6,0,0,0,24,4147,0,262153,29573,1591,601,901,601,521,255294
2022-08-19,1558,9658,130,11346,1406,8852,113,10371,261,702,25,988,16.75 %,7.27 %,19.23 %,8.71 %,57,22,79,8.00 %,6,1,7,8.86 %,20,24,3,5,52,7.66 %,3.85 %,20.00 %,5.26 %,47,30,30,63.83 %,9,15,0,6,30,0,12,6,0,0,0,12,3247,0,250721,28460,1550,571,875,571,497,243074
2022-08-18,1424,8280,125,9829,1282,7518,113,8913,244,758,22,1024,17.13 %,9.15 %,17.60 %,10.42 %,51,18,69,6.74 %,4,2,6,8.70 %,15,24,0,3,42,6.15 %,3.17 %,13.64 %,4.10 %,58,34,34,58.62 %,13,20,0,1,34,0,18,6,0,0,0,18,0,0,240730,27474,1500,532,849,532,462,227263
2022-08-17,1753,10564,173,12490,1597,9746,153,11496,255,746,27,1028,14.55 %,7.06 %,15.61 %,8.23 %,42,27,69,6.71 %,1,1,2,2.90 %,19,20,4,5,48,7.45 %,3.22 %,18.52 %,4.67 %,70,33,33,47.14 %,8,23,0,2,33,0,13,3,0,0,0,13,3996,0,231020,26453,1459,496,843,496,439,214149
2022-08-16,1684,8365,166,10215,1516,7587,145,9248,311,833,34,1178,18.47 %,9.96 %,20.48 %,11.53 %,50,37,87,7.39 %,2,1,3,3.45 %,25,15,4,4,48,8.04 %,2.28 %,11.76 %,4.07 %,52,24,23,46.15 %,10,9,0,5,24,0,18,9,0,0,0,18,2096,0,221997,25428,1416,453,819,452,405,195242
2022-08-15,1714,10166,309,12189,1578,9322,278,11178,302,700,32,1034,17.62 %,6.89 %,10.36 %,8.48 %,51,33,84,8.12 %,2,6,8,9.52 %,12,27,2,3,44,3.97 %,4.14 %,9.38 %,4.26 %,40,45,45,112.50 %,23,21,0,3,47,0,12,3,2,0,0,14,598,0,212133,24253,1371,418,804,418,381,180177
2022-08-14,1740,10361,572,12673,1601,9537,526,11664,273,715,84,1072,15.69 %,6.90 %,14.69 %,8.46 %,62,25,87,8.12 %,3,11,14,16.09 %,22,31,4,1,58,8.06 %,4.90 %,1.19 %,5.41 %,38,3,3,7.89 %,1,2,0,0,3,0,14,0,0,0,0,14,1646,0,203310,23223,1328,371,757,371,343,163729
2022-08-13,1864,10300,1866,14030,1694,9526,1791,13011,304,695,155,1154,16.31 %,6.75 %,8.31 %,8.23 %,64,52,116,10.05 %,4,17,21,18.10 %,17,28,3,2,50,5.59 %,4.46 %,1.29 %,4.33 %,37,0,0,0.00 %,0,0,0,0,0,0,13,2,0,0,0,13,1347,0,192818,22154,1278,356,736,356,330,158794
2022-08-12,1789,11293,662,13744,1613,10422,629,12664,331,572,318,1221,18.50 %,5.07 %,48.04 %,8.88 %,83,58,141,11.55 %,6,13,19,13.48 %,20,22,5,11,58,6.04 %,4.72 %,3.46 %,4.75 %,37,3,3,8.11 %,1,1,0,1,3,0,12,3,0,0,0,12,4745,0,181529,21002,1229,349,721,349,323,155351
2022-08-11,1976,18220,519,20715,1794,17142,483,19419,306,828,118,1252,15.49 %,4.54 %,22.74 %,6.04 %,79,40,119,9.50 %,3,8,11,9.24 %,20,38,5,3,66,6.54 %,5.19 %,2.54 %,5.27 %,37,8,8,21.62 %,5,2,0,1,8,0,20,2,0,0,0,20,4745,0,170239,19787,1175,336,692,336,310,143514
2022-08-10,1905,15060,857,17822,1757,14127,813,16697,324,939,58,1321,17.01 %,6.24 %,6.77 %,7.41 %,96,29,125,9.46 %,3,5,8,6.40 %,18,48,1,4,71,5.56 %,5.22 %,6.90 %,5.37 %,24,8,8,33.33 %,6,2,0,0,8,0,14,2,0,0,0,14,2649,0,157881,18539,1111,320,643,320,298,132680
2022-08-09,1872,12748,28,14648,1658,11982,17,13657,311,975,150,1436,16.61 %,7.65 %,535.71 %,9.80 %,83,46,129,8.98 %,7,13,20,15.50 %,17,28,2,7,54,5.47 %,3.08 %,4.67 %,3.76 %,26,4,4,15.38 %,2,2,0,0,4,0,26,2,0,0,0,26,1498,0,141286,17221,1040,310,593,310,289,127340
2022-08-08,2035,9369,30,11434,1812,8683,26,10521,313,874,8,1195,15.38 %,9.33 %,26.67 %,10.45 %,58,40,98,8.20 %,2,0,2,2.04 %,23,25,3,0,51,7.35 %,3.20 %,0.00 %,4.27 %,37,8,8,21.62 %,6,2,0,0,8,0,0,0,0,0,0,0,897,0,126006,15787,987,302,569,302,284,124048
2022-08-07,1628,8055,55,9738,1455,7396,45,8896,307,381,8,696,18.86 %,4.73 %,14.55 %,7.15 %,50,31,81,11.64 %,3,0,3,3.70 %,18,20,2,2,42,5.86 %,5.77 %,25.00 %,6.03 %,61,16,16,26.23 %,13,3,0,0,16,0,0,0,0,0,0,0,598,0,113624,14596,941,283,561,283,267,116017
2022-08-06,1741,7380,123,9244,1527,6749,110,8386,289,352,19,660,16.60 %,4.77 %,15.45 %,7.14 %,44,9,53,8.03 %,2,0,2,3.77 %,25,15,5,2,47,8.65 %,5.68 %,10.53 %,7.12 %,52,6,6,11.54 %,5,1,0,0,6,0,0,0,0,0,0,0,4295,0,104882,13902,902,262,566,262,253,107388
2022-08-05,1703,5116,281,7100,1489,4652,266,6407,301,329,54,684,17.67 %,6.43 %,19.22 %,9.63 %,49,25,74,10.82 %,3,0,3,4.05 %,21,10,1,8,40,6.98 %,3.34 %,14.81 %,5.85 %,45,8,8,17.78 %,8,0,0,0,8,0,0,0,0,0,0,0,749,0,97041,13243,858,246,557,246,237,98004
2022-08-04,1984,6021,6,8011,1739,5496,4,7239,292,273,51,616,14.72 %,4.53 %,850.00 %,7.69 %,56,30,86,13.96 %,4,0,4,4.65 %,24,13,5,6,48,8.22 %,6.59 %,11.76 %,7.79 %,46,10,10,21.74 %,8,2,0,0,10,0,0,0,0,0,0,0,5195,0,89641,12560,820,235,553,235,227,93815
2022-08-03,1954,8712,22,10688,1744,8174,19,9937,348,279,1,628,17.81 %,3.20 %,4.55 %,5.88 %,43,10,53,8.44 %,5,0,5,9.43 %,15,11,0,0,26,4.31 %,3.94 %,0.00 %,4.14 %,88,21,21,23.86 %,19,2,0,0,21,0,0,0,0,0,0,0,0,0,84054,11946,774,214,572,214,207,81036
2022-08-02,2247,8430,0,10677,2005,8083,0,10088,350,238,0,588,15.58 %,2.82 %,nan %,5.51 %,48,35,83,14.12 %,3,0,3,3.61 %,23,6,0,0,29,6.57 %,2.52 %,nan %,4.93 %,73,18,18,24.66 %,17,1,0,0,18,0,0,0,0,0,0,0,0,0,76353,11323,749,191,601,191,184,73709
2022-08-01,2754,4855,0,7609,2508,4530,0,7038,379,189,0,568,13.76 %,3.89 %,nan %,7.46 %,42,45,87,15.32 %,1,0,1,1.15 %,32,10,0,0,42,8.44 %,5.29 %,nan %,7.39 %,12,3,3,25.00 %,3,0,0,0,3,0,0,0,0,0,0,0,0,0,67568,10735,720,169,580,169,163,67131
2022-07-31,3320,5370,0,8690,3011,5064,0,8075,619,141,0,760,18.64 %,2.63 %,nan %,8.75 %,101,49,150,19.74 %,63,0,63,42.00 %,55,10,2,0,67,8.89 %,8.51 %,nan %,8.82 %,34,7,7,20.59 %,7,0,0,0,7,0,0,0,0,0,0,0,2948,0,59537,10168,679,162,566,162,157,59888
2022-07-30,4746,5130,0,9876,4470,4833,0,9303,756,145,0,901,15.93 %,2.83 %,nan %,9.12 %,99,69,168,18.65 %,98,0,98,58.33 %,56,9,0,0,65,7.41 %,6.21 %,nan %,7.21 %,40,9,9,22.50 %,9,0,0,0,9,0,0,0,0,0,0,0,0,0,52770,9414,613,148,528,148,143,53352
2022-07-29,5028,6024,0,11052,4796,5784,0,10580,829,133,0,962,16.49 %,2.21 %,nan %,8.70 %,114,111,225,23.39 %,99,0,99,44.00 %,49,6,0,0,55,5.91 %,4.51 %,nan %,5.72 %,114,28,28,24.56 %,28,0,0,0,28,0,0,0,0,0,0,0,0,0,45188,8521,550,127,550,127,123,46623
2022-07-28,5324,5033,0,10357,5064,4912,0,9976,790,107,0,897,14.84 %,2.13 %,nan %,8.66 %,102,58,160,17.84 %,69,0,69,43.12 %,41,9,0,0,50,5.19 %,8.41 %,nan %,5.57 %,107,36,36,33.64 %,36,0,0,0,36,0,0,0,0,0,0,0,0,0,35948,7571,495,89,495,89,87,31111
2022-07-27,8275,3871,0,12146,8147,3851,0,11998,1724,108,0,1832,20.83 %,2.79 %,nan %,15.08 %,225,200,425,23.20 %,266,0,266,62.59 %,86,6,0,0,92,4.99 %,5.56 %,nan %,5.02 %,16,6,6,37.50 %,6,0,0,0,6,0,0,0,0,0,0,0,0,0,26351,6680,409,49,406,46,45,19151
2022-07-26,1856,295,0,2151,1764,289,0,2053,1494,59,0,1553,80.50 %,20.00 %,nan %,72.20 %,196,167,363,23.37 %,153,0,153,42.15 %,78,4,0,0,82,5.22 %,6.78 %,nan %,5.28 %,8,4,4,50.00 %,4,0,0,0,4,0,0,0,0,0,0,0,0,0,15929,4859,311,39,308,36,35,15711
2022-07-25,2181,413,0,2594,2064,412,0,2476,347,7,0,354,15.91 %,1.69 %,nan %,13.65 %,32,37,69,19.49 %,52,2,54,78.26 %,13,1,0,0,14,3.75 %,14.29 %,nan %,3.95 %,13,4,4,30.77 %,4,0,0,0,4,0,0,0,0,0,0,0,0,0,8635,3315,225,26,223,24,23,10024
2022-07-24,2418,220,0,2638,2295,219,0,2514,507,0,0,507,20.97 %,0.00 %,nan %,19.22 %,67,73,140,27.61 %,80,0,80,57.14 %,36,0,0,0,36,7.10 %,nan %,nan %,7.10 %,9,2,2,22.22 %,2,0,0,0,2,0,0,0,0,0,0,0,0,0,7327,2962,207,20,206,19,19,8230
2022-07-23,3252,272,0,3524,3185,271,0,3456,749,5,0,754,23.03 %,1.84 %,nan %,21.40 %,88,75,163,21.62 %,122,1,123,75.46 %,41,1,0,0,42,5.47 %,20.00 %,nan %,5.57 %,12,3,3,25.00 %,3,0,0,0,3,0,0,0,0,0,0,0,0,0,5781,2465,169,16,169,16,16,6584
2022-07-22,2351,55,0,2406,2351,55,0,2406,1745,7,0,1752,74.22 %,12.73 %,nan %,72.82 %,286,403,689,39.33 %,300,2,302,43.83 %,120,0,0,0,120,6.88 %,0.00 %,nan %,6.85 %,9,4,4,44.44 %,4,0,0,0,4,0,0,0,0,0,0,0,0,0,2989,1719,124,11,124,11,11,4189